{"cameraMode":{"drawMode":0,"name":"Shaded","section":"Shading Mode"},"sceneLighting":false,"audioPlay":false,"sceneViewState":{"showFog":true,"showMaterialUpdate":false,"showSkybox":true,"showFlares":true,"showImageEffects":true,"showParticleSystems":true},"in2DMode":false,"pivot":{"x":2.620577335357666,"y":-1.656964659690857,"z":1.7569284439086915},"rotation":{"x":0.03016125038266182,"y":0.16772563755512238,"z":-0.005133627448230982,"w":0.9853588938713074},"size":4.55379056930542,"orthographic":true}