{"cameraMode":{"drawMode":0,"name":"Shaded","section":"Shading Mode"},"sceneLighting":false,"audioPlay":false,"sceneViewState":{"showFog":true,"showMaterialUpdate":false,"showSkybox":true,"showFlares":true,"showImageEffects":true,"showParticleSystems":true},"in2DMode":false,"pivot":{"x":-0.631054699420929,"y":-0.8445643782615662,"z":-0.5143402814865112},"rotation":{"x":0.03639140725135803,"y":-0.8603712320327759,"z":0.06205417960882187,"w":0.5045655369758606},"size":5.197174549102783,"orthographic":true}