{"cameraMode":{"drawMode":0,"name":"Shaded","section":"Shading Mode"},"sceneLighting":false,"audioPlay":false,"sceneViewState":{"showFog":true,"showMaterialUpdate":false,"showSkybox":true,"showFlares":true,"showImageEffects":true,"showParticleSystems":true},"in2DMode":false,"pivot":{"x":0.4218626916408539,"y":1.5921776294708253,"z":-1.0213561058044434},"rotation":{"x":0.03597112372517586,"y":-0.034471843391656879,"z":0.0012367372401058674,"w":0.9987574219703674},"size":2.4267547130584719,"orthographic":true}