{"cameraMode":{"drawMode":0,"name":"Shaded","section":"Shading Mode"},"sceneLighting":false,"audioPlay":false,"sceneViewState":{"showFog":true,"showMaterialUpdate":false,"showSkybox":true,"showFlares":true,"showImageEffects":true,"showParticleSystems":true},"in2DMode":false,"pivot":{"x":2.085116386413574,"y":2.075195074081421,"z":-0.4177885949611664},"rotation":{"x":0.030294127762317659,"y":-0.13987216353416444,"z":0.004281523171812296,"w":0.9896968603134155},"size":4.287597179412842,"orthographic":true}