{"cameraMode":{"drawMode":0,"name":"Shaded","section":"Shading Mode"},"sceneLighting":false,"audioPlay":false,"sceneViewState":{"showFog":true,"showMaterialUpdate":false,"showSkybox":true,"showFlares":true,"showImageEffects":true,"showParticleSystems":true},"in2DMode":false,"pivot":{"x":-0.6968528032302856,"y":-0.451430082321167,"z":-1.1069648265838624},"rotation":{"x":0.05183722823858261,"y":0.038937460631132129,"z":-0.002022378845140338,"w":0.9978941082954407},"size":4.145902156829834,"orthographic":true}