{"cameraMode":{"drawMode":0,"name":"Shaded","section":"Shading Mode"},"sceneLighting":false,"audioPlay":false,"sceneViewState":{"showFog":true,"showMaterialUpdate":false,"showSkybox":true,"showFlares":true,"showImageEffects":true,"showParticleSystems":true},"in2DMode":false,"pivot":{"x":2.259999990463257,"y":0.6650000214576721,"z":-0.49526023864746096},"rotation":{"x":0.11678235232830048,"y":-0.1830323189496994,"z":0.021902920678257943,"w":0.9759002923965454},"size":4.55379056930542,"orthographic":true}