{"cameraMode":{"drawMode":0,"name":"Shaded","section":"Shading Mode"},"sceneLighting":false,"audioPlay":false,"sceneViewState":{"showFog":true,"showMaterialUpdate":false,"showSkybox":true,"showFlares":true,"showImageEffects":true,"showParticleSystems":true},"in2DMode":false,"pivot":{"x":0.5316824913024902,"y":0.4911308288574219,"z":-1.2254424095153809},"rotation":{"x":0.14646071195602418,"y":0.011868750676512719,"z":-0.0017622254090383649,"w":0.9891437292098999},"size":2.5863752365112306,"orthographic":true}