{"cameraMode":{"drawMode":0,"name":"Shaded","section":"Shading Mode"},"sceneLighting":false,"audioPlay":false,"sceneViewState":{"showFog":true,"showMaterialUpdate":false,"showSkybox":true,"showFlares":true,"showImageEffects":true,"showParticleSystems":true},"in2DMode":false,"pivot":{"x":0.5316824913024902,"y":0.9911308288574219,"z":-1.2254424095153809},"rotation":{"x":0.04885794222354889,"y":0.1581374853849411,"z":-0.007820041850209237,"w":0.9861766695976257},"size":2.8578836917877199,"orthographic":true}