{"cameraMode":{"drawMode":0,"name":"Shaded","section":"Shading Mode"},"sceneLighting":false,"audioPlay":false,"sceneViewState":{"showFog":true,"showMaterialUpdate":false,"showSkybox":true,"showFlares":true,"showImageEffects":true,"showParticleSystems":true},"in2DMode":false,"pivot":{"x":0.5316824913024902,"y":0.9911308288574219,"z":-1.2254424095153809},"rotation":{"x":0.06704102456569672,"y":0.36170291900634768,"z":-0.026087328791618348,"w":0.9295138716697693},"size":2.8578836917877199,"orthographic":true}