{"cameraMode":{"drawMode":0,"name":"Shaded","section":"Shading Mode"},"sceneLighting":false,"audioPlay":false,"sceneViewState":{"showFog":true,"showMaterialUpdate":false,"showSkybox":true,"showFlares":true,"showImageEffects":true,"showParticleSystems":true},"in2DMode":false,"pivot":{"x":0.5316824913024902,"y":0.9911308288574219,"z":-1.2254424095153809},"rotation":{"x":0.05490221455693245,"y":-0.9098231196403503,"z":0.1277502030134201,"w":0.3910083770751953},"size":2.8578836917877199,"orthographic":true}